,SYMBOL,Date,Series,Prev Close,Open,High,Low,Last,Close,VWAP,Volume,Turnover,Trades,Deliverable Volume,%Deliverble,Descripency Detail,Descripency,V AVERAGE
10,INDUSINDBK,2022-02-17,EQ,968.4,980.0,980.0,951.1,955.3,955.8,961.81,3152042,303165958605000.0,58783,435848,13.83,"Vol Down, Delivery Up",1,0.602
11,INDUSINDBK,2022-02-18,EQ,955.8,950.0,966.0,948.6,959.0,955.35,958.24,2417043,231609527705000.03,54890,496106,20.53,"Vol Down, Delivery Up",1,0.602
14,BAJAJFINSV,2022-02-17,EQ,16272.45,16366.0,16418.3,16081.0,16178.7,16181.2,16245.55,214433,348358229265000.0,41817,19749,9.21,"Vol Down, Delivery Up",1,0.461
15,BAJAJFINSV,2022-02-18,EQ,16181.2,16061.0,16289.0,16025.85,16082.0,16096.55,16165.47,174327,281807793645000.0,35662,21875,12.55,"Vol Down, Delivery Up",1,0.461
16,AXISBANK,2022-02-17,EQ,797.05,797.0,802.0,780.5,781.4,782.8,786.53,6516308,512524092640000.0,97099,2376736,36.47,"Vol Down, Delivery Up",1,0.45
17,AXISBANK,2022-02-18,EQ,782.8,781.15,790.55,779.0,787.1,787.4,785.96,5466662,429655492035000.06,110728,2472208,45.22,"Vol Down, Delivery Up",1,0.45
4,TITAN,2022-02-17,EQ,2488.05,2509.5,2537.5,2487.0,2490.95,2493.2,2504.29,960885,240633812145000.0,56173,254290,26.46,"Vol Down, Delivery Up",1,0.377
5,TITAN,2022-02-18,EQ,2493.2,2479.3,2499.5,2460.8,2491.0,2488.95,2486.69,654373,162722102805000.0,43119,287801,43.98,"Vol Down, Delivery Up",1,0.377
0,WIPRO,2022-02-17,EQ,563.9,572.0,572.4,561.15,563.95,564.9,566.54,7114420,403061386275000.0,127323,2213735,31.120000000000005,"Vol Down, Delivery Up",1,0.352
1,WIPRO,2022-02-18,EQ,564.9,559.0,565.7,555.35,562.5,562.45,560.97,6705919,376184688005000.0,112569,2300868,34.31,"Vol Down, Delivery Up",1,0.352
12,DIVISLAB,2022-02-17,EQ,4465.15,4465.65,4520.15,4425.0,4433.0,4442.2,4474.69,601590,269192882150000.0,45203,223015,37.07,"Vol Down, Delivery Up",1,0.341
13,DIVISLAB,2022-02-18,EQ,4442.2,4432.7,4442.2,4325.0,4350.0,4353.4,4364.15,580486,253332535445000.0,41156,262378,45.2,"Vol Down, Delivery Up",1,0.341
6,SBILIFE,2022-02-17,EQ,1122.15,1128.0,1132.85,1111.9,1121.1,1126.35,1122.52,1182862,132779074834999.98,61244,631932,53.42,"Vol Up, Delivery Down",1,0.339
7,SBILIFE,2022-02-18,EQ,1126.35,1124.8,1160.9,1111.35,1147.05,1150.5,1150.14,1734791,199525303155000.0,62766,531665,30.65,"Vol Up, Delivery Down",1,0.339
2,ULTRACEMCO,2022-02-17,EQ,7178.9,7145.0,7225.0,7030.0,7039.9,7045.95,7095.01,499955,354718757555000.0,58621,298963,59.8,"Vol Up, Delivery Down",1,0.331
3,ULTRACEMCO,2022-02-18,EQ,7045.95,7049.0,7064.85,6900.0,6903.0,6916.6,6958.21,510600,355286421540000.0,80714,282466,55.32,"Vol Up, Delivery Down",1,0.331
8,NESTLEIND,2022-02-17,EQ,18223.8,18400.0,18400.0,17960.15,18099.0,18126.0,18208.14,113840,207281456340000.0,28118,36198,31.8,"Vol Down, Delivery Up",1,0.268
9,NESTLEIND,2022-02-18,EQ,18126.0,17988.0,18232.4,17811.1,17972.0,18009.3,18038.88,96328,173764919180000.0,21607,43800,45.47,"Vol Down, Delivery Up",1,0.268
26,TATAMOTORS,2022-02-17,EQ,498.45,505.9,511.5,498.3,498.7,499.95,505.01,27943077,1411149832935000.0,262768,7359907,26.340000000000003,-,0,0.601
27,TATAMOTORS,2022-02-18,EQ,499.95,498.0,502.65,491.5,493.45,493.15,497.39,15476803,769802096580000.0,150287,4182412,27.02,-,0,0.601
64,HINDALCO,2022-02-17,EQ,529.3,533.8,540.75,528.3,532.3,532.55,534.91,5340469,285666691745000.0,76158,1303303,24.4,-,0,0.52
65,HINDALCO,2022-02-18,EQ,532.55,531.0,537.8,528.0,530.4,529.6,533.1,3344269,178283357855000.0,60272,1009260,30.18,-,0,0.52
24,TATASTEEL,2022-02-17,EQ,1191.8,1201.1,1209.5,1186.15,1190.0,1190.95,1197.29,5655792,677164372060000.0,117118,1080967,19.11,-,0,0.492
25,TATASTEEL,2022-02-18,EQ,1190.95,1187.0,1205.0,1183.0,1191.0,1190.8,1196.74,4725120,565474688390000.0,119821,834039,17.65,-,0,0.492
92,BAJFINANCE,2022-02-17,EQ,7068.6,7120.0,7128.0,6982.0,7055.0,7082.45,7071.34,903616,638977914560000.0,85195,218189,24.15,-,0,0.476
93,BAJFINANCE,2022-02-18,EQ,7082.45,7020.0,7116.0,7010.0,7029.85,7030.1,7069.13,762517,539033034105000.0,72966,181765,23.84,-,0,0.476
98,ADANIPORTS,2022-02-17,EQ,740.75,741.1,745.0,731.35,733.0,734.2,738.47,3407347,251621114090000.0,56595,577930,16.96,-,0,0.467
99,ADANIPORTS,2022-02-18,EQ,734.2,729.9,739.2,725.5,728.45,727.5,732.49,2151557,157599934390000.0,41060,281107,13.07,-,0,0.467
52,JSWSTEEL,2022-02-17,EQ,638.0,641.8,649.45,634.4,637.3,638.2,642.24,2382178,152993726900000.0,38617,374179,15.71,-,0,0.463
53,JSWSTEEL,2022-02-18,EQ,638.2,635.2,642.5,631.15,632.1,632.85,636.67,1458069,92830481765000.0,32067,265071,18.18,-,0,0.463
40,ONGC,2022-02-17,EQ,168.55,168.55,172.4,168.5,171.35,171.75,170.89,24640791,421087574420000.0,118109,9799994,39.77,-,0,0.456
41,ONGC,2022-02-18,EQ,171.75,171.2,171.75,166.7,168.0,167.9,168.77,11829998,199655534020000.0,72596,3639289,30.760000000000005,-,0,0.456
18,UPL,2022-02-17,EQ,735.8,737.0,742.7,725.75,726.5,727.05,731.66,1174134,85906445810000.0,31361,523266,44.57,-,0,0.441
19,UPL,2022-02-18,EQ,727.05,728.0,736.2,719.0,725.0,724.95,727.82,1973922,143665030245000.0,42634,606187,30.710000000000004,-,0,0.441
60,ICICIBANK,2022-02-17,EQ,764.05,766.5,767.25,746.3,747.6,750.35,755.04,16683808,1259696031350000.0,206647,9627392,57.71000000000001,-,0,0.421
61,ICICIBANK,2022-02-18,EQ,750.35,746.85,756.8,745.55,747.95,748.9,751.25,8945567,672031716335000.0,160575,3529595,39.46,-,0,0.421
34,SBIN,2022-02-17,EQ,516.7,520.0,520.0,511.15,511.6,512.95,515.23,16408356,845405642180000.0,183638,3775450,23.01,-,0,0.419
35,SBIN,2022-02-18,EQ,512.95,510.1,520.9,510.1,515.0,515.3,515.84,15111223,779499104645000.0,167187,3302927,21.86,-,0,0.419
46,M&M,2022-02-17,EQ,864.25,872.0,877.3,859.0,860.0,862.25,867.68,2041741,177157939615000.0,46429,803144,39.34,-,0,0.395
47,M&M,2022-02-18,EQ,862.25,857.2,869.75,847.15,850.0,852.0,858.64,1616856,138830154995000.0,41067,645913,39.95,-,0,0.395
82,COALINDIA,2022-02-17,EQ,163.85,164.7,165.5,162.7,162.9,163.05,163.96,6906440,113240540975000.0,46655,3034800,43.94,-,0,0.393
83,COALINDIA,2022-02-18,EQ,163.05,163.0,168.25,162.6,167.3,167.3,166.77,23740696,395921906725000.0,114929,6866717,28.92,-,0,0.393
88,BPCL,2022-02-17,EQ,374.1,375.95,377.25,371.0,373.2,373.0,373.94,2612160,97678052035000.0,38903,1213731,46.46,-,0,0.392
89,BPCL,2022-02-18,EQ,373.0,371.45,375.95,371.45,372.85,373.15,373.85,2210217,82628419470000.0,37647,955449,43.23,-,0,0.392
78,EICHERMOT,2022-02-17,EQ,2706.45,2729.95,2762.75,2700.1,2714.8,2722.75,2727.36,572432,156122689190000.0,32216,191111,33.39,-,0,0.385
79,EICHERMOT,2022-02-18,EQ,2722.75,2703.2,2739.7,2688.0,2689.25,2699.25,2714.95,311304,84517397680000.0,32331,117164,37.64,-,0,0.385
50,KOTAKBANK,2022-02-17,EQ,1830.05,1835.0,1844.25,1810.4,1814.0,1817.3,1828.96,2810229,513980991140000.0,61328,1768588,62.93,-,0,0.383
51,KOTAKBANK,2022-02-18,EQ,1817.3,1809.05,1831.0,1805.85,1827.0,1826.55,1820.39,1229668,223847098420000.0,55978,470342,38.25,-,0,0.383
20,TECHM,2022-02-17,EQ,1444.0,1461.45,1461.45,1440.25,1444.1,1447.55,1450.86,1669669,242245836725000.0,72570,743547,44.53,-,0,0.379
21,TECHM,2022-02-18,EQ,1447.55,1438.45,1445.0,1417.1,1434.55,1437.95,1437.38,2374188,341260643235000.0,138709,1466845,61.78,-,0,0.379
90,BHARTIARTL,2022-02-17,EQ,721.8,724.45,727.5,715.0,716.15,717.0,720.02,5107708,367766198335000.0,88553,2594148,50.79,-,0,0.375
91,BHARTIARTL,2022-02-18,EQ,717.0,712.05,719.55,711.35,712.0,712.55,715.65,4099366,293371934375000.0,78724,2006827,48.95,-,0,0.375
76,GRASIM,2022-02-17,EQ,1721.3,1737.95,1751.8,1700.0,1701.8,1711.25,1722.15,1067390,183820857330000.0,43973,460512,43.14,-,0,0.374
77,GRASIM,2022-02-18,EQ,1711.25,1702.0,1739.9,1698.0,1716.95,1722.75,1720.7,1200407,206554277055000.0,36544,489505,40.78,-,0,0.374
44,MARUTI,2022-02-17,EQ,8582.95,8575.0,8658.3,8525.0,8541.0,8552.45,8574.04,305313,261776468270000.0,33791,53201,17.43,-,0,0.368
45,MARUTI,2022-02-18,EQ,8552.45,8550.0,8645.95,8520.05,8544.05,8569.1,8592.96,385273,331063388320000.0,52373,138062,35.83,-,0,0.368
72,HDFC,2022-02-17,EQ,2363.85,2389.95,2426.0,2361.8,2407.9,2411.8,2404.61,5317679,1278696435550000.0,136513,3289409,61.86000000000001,-,0,0.363
73,HDFC,2022-02-18,EQ,2411.8,2411.8,2451.0,2402.4,2437.2,2441.15,2435.31,3725963,907387446370000.0,152533,2369826,63.6,-,0,0.363
36,RELIANCE,2022-02-17,EQ,2412.95,2420.1,2454.9,2410.0,2441.0,2443.5,2439.61,5931774,1447121258925000.0,211881,2872619,48.43,-,0,0.362
37,RELIANCE,2022-02-18,EQ,2443.5,2444.4,2456.4,2420.15,2427.3,2424.4,2440.25,3126873,763036739975000.0,158691,1216161,38.89,-,0,0.362
28,TATACONSUM,2022-02-17,EQ,701.0,701.5,726.15,701.5,720.0,720.35,717.2,3442092,246868469455000.03,67010,921862,26.780000000000005,-,0,0.36
29,TATACONSUM,2022-02-18,EQ,720.35,715.6,724.6,712.2,717.45,717.5,717.45,1686289,120982097100000.0,42193,812012,48.15,-,0,0.36
42,NTPC,2022-02-17,EQ,133.2,134.5,134.9,132.45,132.7,132.75,133.2,5811964,77415143695000.0,35187,2070092,35.62,-,0,0.354
43,NTPC,2022-02-18,EQ,132.75,132.75,134.1,131.9,132.4,132.35,132.76,6760078,89749047940000.0,48357,2816908,41.67,-,0,0.354
32,SHREECEM,2022-02-17,EQ,24916.35,25189.75,25189.75,24579.25,24660.0,24723.85,24849.44,30441,75644179860000.0,9894,9751,32.03,-,0,0.347
33,SHREECEM,2022-02-18,EQ,24723.85,24590.0,24740.0,24110.1,24417.0,24349.55,24366.6,36614,89215884760000.0,12519,11134,30.41,-,0,0.347
38,POWERGRID,2022-02-17,EQ,196.3,198.25,198.85,196.0,197.0,197.0,197.42,12304164,242910972590000.0,55325,6466314,52.55,-,0,0.345
39,POWERGRID,2022-02-18,EQ,197.0,196.8,200.15,195.25,195.9,195.7,197.67,10950483,216459967470000.0,73920,5776664,52.75,-,0,0.345
30,SUNPHARMA,2022-02-17,EQ,868.85,872.35,872.35,861.3,862.3,862.55,865.7,2275289,196971499690000.0,55845,1158358,50.91,-,0,0.342
31,SUNPHARMA,2022-02-18,EQ,862.55,862.55,867.9,856.4,864.6,862.9,863.88,1797851,155312075165000.0,51122,891234,49.57,-,0,0.342
56,IOC,2022-02-17,EQ,121.5,122.85,123.95,120.5,121.35,121.4,122.25,11183068,136712258645000.0,59075,3645394,32.6,-,0,0.341
57,IOC,2022-02-18,EQ,121.4,121.4,122.3,120.6,121.1,121.15,121.35,5319044,64544192704999.99,36910,1949813,36.66,-,0,0.341
74,HCLTECH,2022-02-17,EQ,1167.8,1174.0,1174.0,1160.0,1161.9,1163.05,1166.3,1644055,191745528880000.0,52253,783671,47.67,-,0,0.341
75,HCLTECH,2022-02-18,EQ,1163.05,1152.85,1170.1,1150.1,1165.6,1165.0,1160.52,2166690,251447835790000.0,58646,1186112,54.74,-,0,0.341
68,HDFCLIFE,2022-02-17,EQ,586.35,586.1,595.4,581.25,590.7,592.6,590.37,3542326,209127995775000.0,82488,1809927,51.09,-,0,0.338
69,HDFCLIFE,2022-02-18,EQ,592.6,590.0,597.5,587.45,589.75,590.95,593.78,2613689,155196569325000.0,56437,1292999,49.47,-,0,0.338
84,CIPLA,2022-02-17,EQ,933.1,934.8,955.5,925.7,927.9,928.2,940.87,2843010,267491181735000.0,65672,784999,27.61,-,0,0.336
85,CIPLA,2022-02-18,EQ,928.2,927.5,929.85,903.05,909.05,909.1,909.41,3643338,331327787830000.0,107668,1913314,52.52,-,0,0.336
54,ITC,2022-02-17,EQ,222.75,223.05,224.35,220.85,222.7,222.65,222.4,14024149,311896502475000.0,67573,7234578,51.59,-,0,0.331
55,ITC,2022-02-18,EQ,222.65,222.65,223.45,221.5,221.75,221.9,222.4,8670947,192838650195000.0,59314,4721478,54.45000000000001,-,0,0.331
96,ASIANPAINT,2022-02-17,EQ,3252.85,3273.0,3294.95,3236.4,3255.0,3265.85,3265.24,636735,207909014270000.0,50052,290431,45.61,-,0,0.331
97,ASIANPAINT,2022-02-18,EQ,3265.85,3236.15,3272.0,3230.05,3255.3,3258.45,3252.84,423801,137855825955000.0,42733,163180,38.5,-,0,0.331
48,LT,2022-02-17,EQ,1860.7,1869.0,1884.9,1854.1,1863.1,1868.7,1870.26,1459905,273040106120000.0,72851,606590,41.55,-,0,0.329
49,LT,2022-02-18,EQ,1868.7,1870.0,1896.0,1865.15,1881.9,1883.1,1886.34,1912482,360759209440000.0,100742,782603,40.92,-,0,0.329
66,HEROMOTOCO,2022-02-17,EQ,2786.8,2800.0,2872.3,2780.55,2791.85,2793.45,2826.97,1166885,329874362885000.0,62553,267012,22.88,-,0,0.329
67,HEROMOTOCO,2022-02-18,EQ,2793.45,2780.0,2818.0,2748.95,2775.0,2774.05,2782.6,662754,184418168740000.0,43898,217997,32.89,-,0,0.329
80,DRREDDY,2022-02-17,EQ,4316.45,4322.9,4335.25,4293.2,4300.0,4301.0,4314.63,229031,98818479360000.0,25017,105990,46.28,-,0,0.312
81,DRREDDY,2022-02-18,EQ,4301.0,4280.0,4343.0,4264.6,4320.05,4321.15,4316.37,358108,154572757635000.0,40563,187280,52.3,-,0,0.312
94,BAJAJ-AUTO,2022-02-17,EQ,3586.9,3590.1,3660.0,3590.1,3598.95,3597.3,3630.76,513917,186590710280000.0,38108,164857,32.08,-,0,0.312
95,BAJAJ-AUTO,2022-02-18,EQ,3597.3,3597.0,3642.5,3563.6,3636.6,3632.15,3620.43,277299,100394186340000.0,20737,77504,27.950000000000003,-,0,0.312
58,INFY,2022-02-17,EQ,1733.3,1744.0,1749.0,1720.3,1723.7,1724.8,1731.45,3937950,681837450370000.0,110732,2479087,62.95,-,0,0.309
59,INFY,2022-02-18,EQ,1724.8,1710.0,1722.5,1703.5,1705.95,1706.95,1711.87,5602215,959028959560000.0,159019,4009595,71.57,-,0,0.309
70,HDFCBANK,2022-02-17,EQ,1515.75,1513.1,1522.0,1502.0,1504.45,1506.5,1511.79,3675604,555674352045000.0,124317,1787207,48.62,-,0,0.308
71,HDFCBANK,2022-02-18,EQ,1506.5,1498.3,1517.0,1490.45,1511.0,1512.35,1505.99,3898064,587046294320000.0,135186,2221655,56.99000000000001,-,0,0.308
86,BRITANNIA,2022-02-17,EQ,3462.0,3482.6,3483.0,3430.0,3455.0,3464.1,3456.55,173362,59923359150000.0,15203,80097,46.2,-,0,0.286
87,BRITANNIA,2022-02-18,EQ,3464.1,3450.0,3495.0,3444.15,3475.2,3481.65,3475.77,121161,42112718465000.0,11442,53489,44.15,-,0,0.286
22,TCS,2022-02-17,EQ,3813.1,3825.0,3835.0,3779.0,3783.85,3784.2,3796.61,3134372,1190000292470000.0,259784,2140343,68.29,-,0,0.278
23,TCS,2022-02-18,EQ,3784.2,3769.0,3815.95,3757.6,3800.0,3793.9,3788.53,3688883,1397545180720000.0,286278,2727483,73.94,-,0,0.278
62,HINDUNILVR,2022-02-17,EQ,2286.5,2282.0,2313.0,2276.0,2297.2,2307.55,2298.41,869374,199818014260000.0,42379,461580,53.09,-,0,0.269
63,HINDUNILVR,2022-02-18,EQ,2307.55,2294.0,2327.8,2294.0,2310.3,2312.55,2312.38,890713,205966665190000.0,53485,557855,62.63000000000001,-,0,0.269
